DUE_TO,CREATED_DATE,REGION,TIER,PRIORITY,ESTIMATED_DURATION,MAXIMUM_WAITING_TIME,RESOURCE_REQUIREMENT
2024-05-25 12:00:00,2024-05-21 19:19:40,sa-unknown-1,0,LOW,-1,-1,LOW
2024-05-23 13:00:00,2024-05-21 14:08:42,sa-unknown-1,0,LOW,-1,-1,LOW
2024-05-22 13:00:00,2024-05-21 18:26:58,sa-unknown-1,0,LOW,-1,-1,LOW
2024-05-22 14:00:00,2024-05-21 14:11:33,sa-unknown-1,0,LOW,-1,-1,LOW
2024-05-21 19:00:00,2024-05-21 17:56:05,sa-unknown-1,50,HIGH,5,0,LOW
2024-05-21 22:00:00,2024-05-21 18:07:49,sa-unknown-1,0,LOW,-1,-1,LOW
2024-05-22 16:00:00,2024-05-21 16:42:30,sa-unknown-1,0,LOW,-1,-1,LOW
2024-05-23 14:00:00,2024-05-21 20:26:02,sa-unknown-1,0,LOW,-1,-1,LOW
2024-05-22 19:00:00,2024-05-21 20:26:19,sa-unknown-1,50,HIGH,5,0,LOW
2024-05-22 14:00:00,2024-05-21 14:23:49,sa-unknown-1,0,LOW,-1,-1,LOW
2024-05-23 16:00:00,2024-05-21 16:22:14,sa-unknown-1,15,MEDIUM,2,-1,LOW
2024-05-22 16:00:00,2024-05-21 16:24:52,sa-unknown-1,15,MEDIUM,2,-1,LOW
2024-05-25 14:00:00,2024-05-21 21:47:29,sa-unknown-1,0,LOW,-1,-1,LOW
2024-05-23 16:00:00,2024-05-21 21:47:42,sa-unknown-1,50,HIGH,5,0,LOW
2024-05-24 19:00:00,2024-05-21 21:47:52,sa-unknown-1,50,HIGH,5,0,LOW
2024-05-22 12:30:00,2024-05-21 19:22:12,sa-unknown-1,0,LOW,-1,-1,LOW
2024-05-22 19:00:00,2024-05-21 19:19:18,sa-unknown-1,0,LOW,-1,-1,LOW
2024-05-23 13:00:00,2024-05-21 13:40:48,sa-unknown-1,15,MEDIUM,2,-1,LOW
2024-05-22 14:00:00,2024-05-21 14:22:30,sa-unknown-1,0,LOW,-1,-1,LOW
2024-05-24 21:00:00,2024-05-21 20:40:59,sa-unknown-1,0,LOW,-1,-1,LOW
2024-05-24 18:30:00,2024-05-21 20:41:13,sa-unknown-1,50,HIGH,5,0,LOW
2024-05-23 19:00:00,2024-05-21 20:41:25,sa-unknown-1,50,HIGH,5,0,LOW
2024-05-22 12:00:00,2024-05-21 20:52:55,sa-unknown-1,0,LOW,-1,-1,LOW
2024-05-24 16:00:00,2024-05-21 22:22:09,sa-unknown-1,0,LOW,-1,-1,LOW
2024-05-24 20:30:00,2024-05-21 22:22:48,sa-unknown-1,0,LOW,-1,-1,LOW
2024-05-25 18:00:00,2024-05-21 19:37:54,sa-unknown-1,0,LOW,-1,-1,LOW
2024-05-25 12:00:00,2024-05-21 19:38:01,sa-unknown-1,50,HIGH,5,0,LOW
2024-05-24 15:00:00,2024-05-21 19:38:10,sa-unknown-1,50,HIGH,5,0,LOW
2024-05-22 21:00:00,2024-05-21 21:06:13,sa-unknown-1,15,MEDIUM,2,-1,LOW
2024-05-22 13:00:00,2024-05-21 13:05:02,sa-unknown-1,0,LOW,-1,-1,LOW
2024-05-22 15:00:00,2024-05-21 15:14:13,sa-unknown-1,0,LOW,-1,-1,LOW
2024-05-22 15:00:00,2024-05-21 15:16:05,sa-unknown-1,0,LOW,-1,-1,LOW
2024-05-22 16:00:00,2024-05-21 16:33:33,sa-unknown-1,0,LOW,-1,-1,LOW
2024-05-22 16:00:00,2024-05-21 16:51:37,sa-unknown-1,50,HIGH,5,0,LOW
2024-05-22 17:00:00,2024-05-21 17:56:14,sa-unknown-1,15,MEDIUM,2,-1,LOW
2024-05-22 18:00:00,2024-05-21 18:31:56,sa-unknown-1,0,LOW,-1,-1,LOW
2024-05-22 19:00:00,2024-05-21 19:14:47,sa-unknown-1,0,MEDIUM,2,-1,LOW
2024-05-21 20:00:00,2024-05-21 19:23:16,sa-unknown-1,50,HIGH,5,0,LOW
2024-05-21 20:00:00,2024-05-21 18:29:39,sa-unknown-1,50,HIGH,5,0,LOW
2024-05-22 17:00:00,2024-05-21 17:50:34,sa-unknown-1,15,MEDIUM,2,-1,LOW
2024-05-22 16:00:00,2024-05-21 16:33:18,sa-unknown-1,0,LOW,-1,-1,LOW
2024-05-22 13:00:00,2024-05-21 21:48:39,sa-unknown-1,0,LOW,-1,-1,LOW
2024-05-22 21:00:00,2024-05-21 21:58:45,sa-unknown-1,0,LOW,-1,-1,LOW
2024-05-23 17:00:00,2024-05-21 17:54:42,sa-unknown-1,15,MEDIUM,2,-1,LOW
2024-05-23 12:00:00,2024-05-21 14:24:22,sa-unknown-1,0,LOW,-1,-1,LOW
2024-05-22 12:00:00,2024-05-21 18:59:00,sa-unknown-1,15,MEDIUM,2,-1,LOW
2024-05-27 15:00:00,2024-05-21 21:24:21,sa-unknown-1,0,LOW,-1,-1,LOW
2024-05-22 18:00:00,2024-05-21 18:38:47,sa-unknown-1,15,MEDIUM,2,-1,LOW
2024-05-21 18:30:00,2024-05-21 12:56:28,sa-unknown-1,50,HIGH,5,0,LOW
2024-05-21 20:00:00,2024-05-21 18:27:17,sa-unknown-1,50,HIGH,5,0,LOW
2024-05-27 20:00:00,2024-05-21 20:20:18,sa-unknown-1,0,LOW,-1,-1,LOW
2024-05-22 16:00:00,2024-05-21 16:26:16,sa-unknown-1,0,LOW,-1,-1,LOW
2024-05-22 16:00:00,2024-05-21 16:35:24,sa-unknown-1,15,MEDIUM,2,-1,LOW
2024-05-24 21:00:00,2024-05-21 21:45:06,sa-unknown-1,0,LOW,-1,-1,LOW
2024-05-22 16:00:00,2024-05-21 16:27:35,sa-unknown-1,0,LOW,-1,-1,LOW
2024-05-24 00:52:00,2024-05-21 21:52:14,sa-unknown-1,0,LOW,-1,-1,LOW
2024-05-22 15:00:00,2024-05-21 15:00:39,sa-unknown-1,15,MEDIUM,2,-1,LOW
2024-05-22 18:00:00,2024-05-21 18:00:30,sa-unknown-1,15,MEDIUM,2,-1,LOW
2024-05-22 17:00:00,2024-05-21 17:53:45,sa-unknown-1,0,LOW,-1,-1,LOW
2024-05-25 14:00:00,2024-05-21 14:48:07,sa-unknown-1,0,LOW,-1,-1,LOW
2024-05-22 17:00:00,2024-05-21 20:23:16,sa-unknown-1,15,MEDIUM,2,-1,LOW
2024-05-22 15:00:00,2024-05-21 15:03:31,sa-unknown-1,15,MEDIUM,2,-1,LOW
2024-05-22 20:00:00,2024-05-21 20:36:06,sa-unknown-1,0,LOW,-1,-1,LOW
2024-05-13 14:00:00,2024-05-21 14:56:10,sa-unknown-1,15,MEDIUM,2,-1,LOW
2024-05-22 15:00:00,2024-05-21 15:44:56,sa-unknown-1,15,MEDIUM,2,-1,LOW
2024-05-21 20:50:00,2024-05-21 20:50:09,sa-unknown-1,30,HIGH,15,0,LOW
2024-05-22 20:00:00,2024-05-21 20:59:02,sa-unknown-1,15,MEDIUM,2,-1,LOW
2024-05-22 15:00:00,2024-05-21 15:56:30,sa-unknown-1,15,MEDIUM,2,-1,LOW
2024-05-23 15:00:00,2024-05-21 15:10:14,sa-unknown-1,0,LOW,-1,-1,LOW
2024-05-31 16:00:00,2024-05-21 16:10:19,sa-unknown-1,0,LOW,-1,-1,LOW
2024-05-21 19:00:00,2024-05-21 17:55:34,sa-unknown-1,50,HIGH,5,0,LOW
2024-05-22 17:00:00,2024-05-21 18:22:11,sa-unknown-1,15,MEDIUM,2,-1,LOW
2024-05-21 15:48:25,2024-05-21 12:48:25,sa-unknown-1,0,LOW,-1,-1,LOW
2024-05-21 15:56:14,2024-05-21 12:56:14,sa-unknown-1,0,LOW,-1,-1,LOW
2024-05-22 16:00:00,2024-05-21 16:12:30,sa-unknown-1,0,LOW,-1,-1,LOW
2024-05-22 15:00:00,2024-05-21 15:51:34,sa-unknown-1,15,MEDIUM,2,-1,LOW
2024-05-22 17:00:00,2024-05-21 17:18:01,sa-unknown-1,0,LOW,-1,-1,LOW
2024-05-22 16:00:00,2024-05-21 16:05:13,sa-unknown-1,15,MEDIUM,2,-1,LOW
2024-05-22 14:00:00,2024-05-21 14:59:07,sa-unknown-1,15,MEDIUM,2,-1,LOW
2024-05-22 19:00:00,2024-05-21 19:21:54,sa-unknown-1,0,LOW,-1,-1,LOW
2024-05-22 16:00:00,2024-05-21 16:34:28,sa-unknown-1,0,LOW,-1,-1,LOW
2024-05-25 16:00:00,2024-05-21 22:35:51,sa-unknown-1,0,LOW,-1,-1,LOW
2024-05-24 15:00:00,2024-05-21 22:36:00,sa-unknown-1,50,HIGH,5,0,LOW
2024-05-25 12:00:00,2024-05-21 22:36:08,sa-unknown-1,50,HIGH,5,0,LOW
2024-05-21 19:00:00,2024-05-21 17:18:31,sa-unknown-1,50,HIGH,5,0,LOW
2024-05-22 19:00:00,2024-05-21 19:39:54,sa-unknown-1,0,LOW,-1,-1,LOW
2024-05-23 13:00:00,2024-05-21 20:30:11,sa-unknown-1,0,LOW,-1,-1,LOW
2024-05-22 15:00:00,2024-05-21 20:30:39,sa-unknown-1,50,HIGH,5,0,LOW
2024-05-22 23:30:00,2024-05-21 20:31:10,sa-unknown-1,50,HIGH,5,0,LOW
2024-05-21 17:00:00,2024-05-21 15:03:16,sa-unknown-1,15,MEDIUM,2,-1,LOW
2024-05-22 21:00:00,2024-05-21 21:49:36,sa-unknown-1,0,LOW,-1,-1,LOW
2024-05-21 17:37:48,2024-05-21 14:37:48,sa-unknown-1,0,LOW,-1,-1,LOW
2024-05-23 21:00:00,2024-05-21 14:50:37,sa-unknown-1,0,LOW,-1,-1,LOW
2024-05-23 12:00:00,2024-05-21 14:50:57,sa-unknown-1,50,HIGH,5,0,LOW
2024-05-22 14:00:00,2024-05-21 14:51:07,sa-unknown-1,50,HIGH,5,0,LOW
2024-05-21 18:35:57,2024-05-21 15:35:57,sa-unknown-1,0,LOW,-1,-1,LOW
2024-05-23 21:00:00,2024-05-21 16:05:18,sa-unknown-1,0,LOW,-1,-1,LOW
2024-05-23 13:00:00,2024-05-21 16:05:33,sa-unknown-1,50,HIGH,5,0,LOW
2024-05-22 16:00:00,2024-05-21 16:05:39,sa-unknown-1,50,HIGH,5,0,LOW
2024-05-23 15:00:00,2024-05-21 15:46:16,sa-unknown-1,0,LOW,-1,-1,LOW
2024-05-24 20:00:00,2024-05-21 20:35:57,sa-unknown-1,0,LOW,-1,-1,LOW
2024-05-24 21:30:00,2024-05-21 20:36:44,sa-unknown-1,0,LOW,-1,-1,LOW
2024-05-22 17:00:00,2024-05-21 17:59:35,sa-unknown-1,15,MEDIUM,2,-1,LOW
2024-05-22 15:00:00,2024-05-21 15:19:08,sa-unknown-1,0,LOW,-1,-1,LOW
2024-05-22 15:00:00,2024-05-21 15:05:16,sa-unknown-1,15,MEDIUM,2,-1,LOW
2024-05-22 16:00:00,2024-05-21 16:20:59,sa-unknown-1,0,LOW,-1,-1,LOW
2024-05-22 17:00:00,2024-05-21 17:22:14,sa-unknown-1,0,LOW,-1,-1,LOW
2024-05-21 20:18:19,2024-05-21 18:18:19,sa-unknown-1,0,LOW,-1,-1,LOW
2024-05-22 21:45:00,2024-05-21 18:45:59,sa-unknown-1,0,LOW,-1,-1,LOW
2024-05-24 18:00:00,2024-05-21 18:07:46,sa-unknown-1,15,MEDIUM,2,-1,LOW
2024-05-22 15:00:00,2024-05-21 15:57:33,sa-unknown-1,15,MEDIUM,2,-1,LOW
2024-05-22 16:00:00,2024-05-21 16:00:49,sa-unknown-1,0,LOW,-1,-1,LOW
2024-05-21 17:00:00,2024-05-21 17:23:19,sa-unknown-1,15,MEDIUM,2,-1,LOW
2024-05-22 21:00:00,2024-05-21 21:06:57,sa-unknown-1,15,MEDIUM,2,-1,LOW
2024-05-22 17:00:00,2024-05-21 18:28:23,sa-unknown-1,15,MEDIUM,2,-1,LOW
2024-05-22 21:00:00,2024-05-21 21:59:55,sa-unknown-1,0,LOW,-1,-1,LOW
2024-05-22 16:00:00,2024-05-21 16:29:42,sa-unknown-1,15,MEDIUM,2,-1,LOW
2024-05-21 19:57:45,2024-05-21 17:57:45,sa-unknown-1,0,LOW,-1,-1,LOW
2024-05-22 16:00:00,2024-05-21 16:12:57,sa-unknown-1,0,LOW,-1,-1,LOW
2024-05-21 15:51:51,2024-05-21 12:51:51,sa-unknown-1,0,LOW,-1,-1,LOW
2024-05-22 16:00:00,2024-05-21 16:11:27,sa-unknown-1,15,MEDIUM,2,-1,LOW
2024-05-22 15:00:00,2024-05-21 15:56:53,sa-unknown-1,0,LOW,-1,-1,LOW
2024-05-22 00:00:00,2024-05-21 00:29:18,sa-unknown-1,15,MEDIUM,2,-1,LOW
2024-05-22 15:00:00,2024-05-21 15:13:02,sa-unknown-1,15,MEDIUM,2,-1,LOW
2024-05-21 17:00:00,2024-05-21 18:26:19,sa-unknown-1,15,MEDIUM,2,-1,LOW
2024-05-22 17:00:00,2024-05-21 18:26:54,sa-unknown-1,15,MEDIUM,2,-1,LOW
2024-05-21 22:00:00,2024-05-21 21:27:41,sa-unknown-1,15,HIGH,15,0,LOW
2024-05-22 04:11:32,2024-05-21 22:11:32,sa-unknown-1,0,LOW,-1,-1,LOW
2024-05-25 18:00:00,2024-05-21 23:09:08,sa-unknown-1,0,LOW,-1,-1,LOW
2024-05-22 17:00:00,2024-05-21 19:41:27,sa-unknown-1,15,MEDIUM,2,-1,LOW
2024-05-22 17:00:00,2024-05-21 18:29:38,sa-unknown-1,15,MEDIUM,2,-1,LOW
2024-05-21 17:31:57,2024-05-21 15:31:57,sa-unknown-1,0,LOW,-1,-1,LOW
2024-05-21 19:45:19,2024-05-21 16:45:19,sa-unknown-1,0,LOW,-1,-1,LOW
2024-05-22 19:00:00,2024-05-21 22:39:44,sa-unknown-1,0,LOW,-1,-1,LOW
2024-05-22 17:00:00,2024-05-21 19:39:34,sa-unknown-1,15,MEDIUM,2,-1,LOW
2024-05-22 17:00:00,2024-05-21 17:52:47,sa-unknown-1,15,MEDIUM,2,-1,LOW
2024-05-22 18:00:00,2024-05-21 18:01:28,sa-unknown-1,0,LOW,-1,-1,LOW
2024-05-22 15:00:00,2024-05-21 15:24:13,sa-unknown-1,0,LOW,-1,-1,LOW
2024-05-21 15:42:00,2024-05-21 15:42:21,sa-unknown-1,30,HIGH,15,0,LOW
2024-05-21 15:00:00,2024-05-21 15:55:25,sa-unknown-1,15,MEDIUM,2,-1,LOW
2024-05-22 16:00:00,2024-05-21 16:05:17,sa-unknown-1,15,MEDIUM,2,-1,LOW
2024-05-22 15:00:00,2024-05-21 15:57:27,sa-unknown-1,0,LOW,-1,-1,LOW
2024-05-21 18:00:00,2024-05-21 16:18:58,sa-unknown-1,50,HIGH,5,0,LOW
2024-05-22 14:00:00,2024-05-21 14:53:25,sa-unknown-1,15,MEDIUM,2,-1,LOW
2024-05-24 17:30:00,2024-05-21 21:58:46,sa-unknown-1,0,LOW,-1,-1,LOW
2024-05-22 18:00:00,2024-05-21 20:18:46,sa-unknown-1,15,MEDIUM,2,-1,LOW
2024-05-22 17:00:00,2024-05-21 19:24:59,sa-unknown-1,15,MEDIUM,2,-1,LOW
2024-05-22 17:00:00,2024-05-21 20:21:43,sa-unknown-1,15,MEDIUM,2,-1,LOW
2024-05-22 16:00:00,2024-05-21 16:04:41,sa-unknown-1,0,LOW,-1,-1,LOW
2024-05-22 15:00:00,2024-05-21 15:14:15,sa-unknown-1,0,LOW,-1,-1,LOW
2024-05-21 17:00:00,2024-05-21 11:50:34,sa-unknown-1,15,MEDIUM,2,-1,LOW
2024-05-22 16:00:00,2024-05-21 19:33:35,sa-unknown-1,0,LOW,-1,-1,LOW
2024-05-22 18:00:00,2024-05-21 18:36:49,sa-unknown-1,0,LOW,-1,-1,LOW
2024-05-22 17:00:00,2024-05-21 18:17:41,sa-unknown-1,15,MEDIUM,2,-1,LOW
2024-05-22 17:00:00,2024-05-21 17:50:08,sa-unknown-1,15,MEDIUM,2,-1,LOW
2024-05-22 17:00:00,2024-05-21 17:25:22,sa-unknown-1,0,LOW,-1,-1,LOW
2024-05-22 18:00:00,2024-05-21 18:09:24,sa-unknown-1,15,MEDIUM,2,-1,LOW
2024-05-22 17:00:00,2024-05-21 21:05:24,sa-unknown-1,15,MEDIUM,2,-1,LOW
2024-05-22 22:00:00,2024-05-21 22:42:52,sa-unknown-1,0,LOW,-1,-1,LOW
2024-05-21 22:43:00,2024-05-21 22:43:04,sa-unknown-1,30,HIGH,15,0,LOW
2024-05-21 19:59:46,2024-05-21 17:59:46,sa-unknown-1,0,LOW,-1,-1,LOW
2024-05-22 21:17:00,2024-05-21 18:17:32,sa-unknown-1,0,LOW,-1,-1,LOW
2024-05-22 16:00:00,2024-05-21 16:02:06,sa-unknown-1,0,LOW,-1,-1,LOW
2024-05-21 16:23:00,2024-05-21 16:24:06,sa-unknown-1,30,HIGH,15,0,LOW
2024-05-22 15:00:00,2024-05-21 15:44:22,sa-unknown-1,15,MEDIUM,2,-1,LOW
2024-05-23 15:00:00,2024-05-21 15:39:28,sa-unknown-1,0,LOW,-1,-1,LOW
2024-05-21 15:22:17,2024-05-21 15:22:17,sa-unknown-1,0,LOW,10,-1,LOW
2024-05-22 18:00:00,2024-05-21 18:04:19,sa-unknown-1,15,MEDIUM,2,-1,LOW
2024-05-22 16:00:00,2024-05-21 16:23:04,sa-unknown-1,15,MEDIUM,2,-1,LOW
2024-05-27 15:00:00,2024-05-21 20:10:42,sa-unknown-1,0,LOW,-1,-1,LOW
2024-05-26 18:00:00,2024-05-21 20:18:13,sa-unknown-1,50,HIGH,5,0,LOW
2024-05-24 21:00:00,2024-05-21 20:20:43,sa-unknown-1,50,HIGH,5,0,LOW
2024-05-24 19:00:00,2024-05-21 20:21:05,sa-unknown-1,50,HIGH,5,0,LOW
2024-05-22 16:00:00,2024-05-21 16:28:43,sa-unknown-1,15,MEDIUM,2,-1,LOW
2024-05-22 16:00:00,2024-05-21 16:10:47,sa-unknown-1,15,MEDIUM,2,-1,LOW
2024-05-22 17:00:00,2024-05-21 18:24:40,sa-unknown-1,15,MEDIUM,2,-1,LOW
2024-05-22 01:00:00,2024-05-21 01:15:35,sa-unknown-1,15,MEDIUM,2,-1,LOW
2024-05-22 15:00:00,2024-05-21 15:18:12,sa-unknown-1,15,MEDIUM,2,-1,LOW
2024-05-22 19:00:00,2024-05-21 19:33:15,sa-unknown-1,15,MEDIUM,2,-1,LOW
2024-05-23 20:00:00,2024-05-21 20:40:35,sa-unknown-1,15,MEDIUM,2,-1,LOW
2024-05-21 20:43:00,2024-05-21 20:43:12,sa-unknown-1,30,HIGH,15,0,LOW
2024-05-21 20:57:00,2024-05-21 20:57:48,sa-unknown-1,30,HIGH,15,0,LOW
2024-05-22 17:00:00,2024-05-21 19:35:26,sa-unknown-1,15,MEDIUM,2,-1,LOW
2024-05-22 14:00:00,2024-05-21 14:22:33,sa-unknown-1,15,MEDIUM,2,-1,LOW
2024-05-21 19:21:31,2024-05-21 17:21:31,sa-unknown-1,0,LOW,-1,-1,LOW
2024-05-21 21:13:02,2024-05-21 18:13:02,sa-unknown-1,0,LOW,-1,-1,LOW
2024-05-23 18:00:00,2024-05-21 22:37:12,sa-unknown-1,0,LOW,-1,-1,LOW
2024-05-22 14:00:00,2024-05-21 14:54:03,sa-unknown-1,15,MEDIUM,2,-1,LOW
2024-05-21 16:30:00,2024-05-21 15:22:44,sa-unknown-1,15,HIGH,15,0,LOW
2024-05-22 17:00:00,2024-05-21 17:12:06,sa-unknown-1,15,MEDIUM,2,-1,LOW
2024-05-22 16:00:00,2024-05-21 16:00:06,sa-unknown-1,15,MEDIUM,2,-1,LOW
2024-05-21 18:04:20,2024-05-21 16:04:20,sa-unknown-1,0,LOW,-1,-1,LOW
2024-05-21 19:29:03,2024-05-21 16:29:03,sa-unknown-1,0,LOW,-1,-1,LOW
2024-05-22 13:00:00,2024-05-21 19:36:14,sa-unknown-1,15,HIGH,15,0,LOW
2024-05-22 19:00:00,2024-05-21 19:59:24,sa-unknown-1,0,LOW,-1,-1,LOW
2024-05-21 23:27:00,2024-05-21 17:27:01,sa-unknown-1,0,LOW,-1,-1,LOW
2024-05-22 18:00:00,2024-05-21 18:09:19,sa-unknown-1,0,LOW,-1,-1,LOW
2024-05-21 23:26:00,2024-05-21 23:26:20,sa-unknown-1,30,HIGH,15,0,LOW
2024-05-22 16:00:00,2024-05-21 16:46:38,sa-unknown-1,0,LOW,-1,-1,LOW
2024-05-21 15:43:41,2024-05-21 12:43:41,sa-unknown-1,0,LOW,-1,-1,LOW
2024-05-21 21:00:00,2024-05-21 16:02:14,sa-unknown-1,0,LOW,-1,-1,LOW
2024-05-25 14:00:00,2024-05-21 20:36:07,sa-unknown-1,0,LOW,-1,-1,LOW
2024-05-24 17:00:00,2024-05-21 20:36:32,sa-unknown-1,50,HIGH,5,0,LOW
2024-05-25 12:00:00,2024-05-21 20:36:42,sa-unknown-1,50,HIGH,5,0,LOW
2024-05-23 22:00:00,2024-05-21 22:26:20,sa-unknown-1,0,LOW,-1,-1,LOW
2024-05-21 20:00:00,2024-05-21 16:22:39,sa-unknown-1,15,HIGH,15,0,LOW
2024-05-22 15:00:00,2024-05-21 15:59:00,sa-unknown-1,15,MEDIUM,2,-1,LOW
2024-05-22 15:00:00,2024-05-21 15:09:26,sa-unknown-1,0,LOW,-1,-1,LOW
2024-05-22 17:00:00,2024-05-21 17:57:13,sa-unknown-1,0,MEDIUM,2,-1,LOW
2024-05-21 23:07:00,2024-05-21 23:07:18,sa-unknown-1,30,HIGH,15,0,LOW
2024-05-21 23:27:43,2024-05-21 17:27:43,sa-unknown-1,0,LOW,-1,-1,LOW
2024-05-22 03:19:12,2024-05-21 21:19:12,sa-unknown-1,0,LOW,-1,-1,LOW
2024-05-22 15:30:00,2024-05-21 22:27:18,sa-unknown-1,15,HIGH,15,0,LOW
2024-05-22 15:00:00,2024-05-21 15:09:27,sa-unknown-1,0,LOW,-1,-1,LOW
2024-05-25 19:00:00,2024-05-21 15:16:42,sa-unknown-1,0,LOW,-1,-1,LOW
2024-05-24 15:00:00,2024-05-21 15:16:53,sa-unknown-1,50,HIGH,5,0,LOW
2024-05-25 12:00:00,2024-05-21 15:17:03,sa-unknown-1,50,HIGH,5,0,LOW
2024-05-22 21:30:00,2024-05-21 22:36:05,sa-unknown-1,15,HIGH,15,0,LOW
2024-05-21 23:30:00,2024-05-21 21:31:08,sa-unknown-1,15,HIGH,15,0,LOW
2024-05-22 16:00:00,2024-05-21 16:28:18,sa-unknown-1,15,MEDIUM,2,-1,LOW
2024-05-22 15:00:00,2024-05-21 15:10:28,sa-unknown-1,0,LOW,-1,-1,LOW
2024-05-21 15:17:00,2024-05-21 15:17:07,sa-unknown-1,30,HIGH,15,0,LOW
2024-05-22 15:00:00,2024-05-21 15:27:17,sa-unknown-1,15,MEDIUM,2,-1,LOW
2024-05-21 16:22:00,2024-05-21 16:23:05,sa-unknown-1,30,HIGH,15,0,LOW
2024-05-22 20:00:00,2024-05-21 20:41:21,sa-unknown-1,0,LOW,-1,-1,LOW
2024-05-22 15:00:00,2024-05-21 15:16:31,sa-unknown-1,15,MEDIUM,2,-1,LOW
2024-05-21 15:17:00,2024-05-21 15:17:29,sa-unknown-1,30,HIGH,15,0,LOW
2024-05-21 18:48:57,2024-05-21 16:48:57,sa-unknown-1,0,LOW,-1,-1,LOW
2024-05-22 20:21:00,2024-05-21 17:21:09,sa-unknown-1,0,LOW,-1,-1,LOW
2024-05-21 22:18:00,2024-05-21 22:18:43,sa-unknown-1,30,HIGH,15,0,LOW
2024-05-21 21:15:30,2024-05-21 19:15:30,sa-unknown-1,0,LOW,-1,-1,LOW
2024-05-21 23:53:35,2024-05-21 20:53:35,sa-unknown-1,0,LOW,-1,-1,LOW
2024-05-22 20:00:00,2024-05-21 21:13:57,sa-unknown-1,15,HIGH,15,0,LOW
2024-05-22 21:00:00,2024-05-21 21:40:45,sa-unknown-1,15,MEDIUM,2,-1,LOW
2024-05-22 18:00:00,2024-05-21 18:03:46,sa-unknown-1,0,LOW,-1,-1,LOW
2024-05-22 22:00:00,2024-05-21 22:13:43,sa-unknown-1,0,LOW,-1,-1,LOW
2024-05-22 23:00:00,2024-05-21 23:08:11,sa-unknown-1,0,LOW,-1,-1,LOW
2024-05-21 22:30:00,2024-05-21 15:21:58,sa-unknown-1,15,HIGH,15,0,LOW
2024-05-22 22:00:00,2024-05-21 23:02:00,sa-unknown-1,15,HIGH,15,0,LOW
2024-05-22 16:00:00,2024-05-21 16:18:53,sa-unknown-1,15,MEDIUM,2,-1,LOW
2024-05-22 12:00:00,2024-05-21 13:06:17,sa-unknown-1,0,LOW,-1,-1,LOW
2024-05-29 17:00:00,2024-05-21 17:08:51,sa-unknown-1,0,LOW,-1,-1,LOW
2024-05-21 18:00:00,2024-05-21 17:45:03,sa-unknown-1,15,HIGH,15,0,LOW
2024-05-22 19:00:00,2024-05-21 19:37:53,sa-unknown-1,0,LOW,-1,-1,LOW
2024-05-22 16:00:00,2024-05-21 16:52:42,sa-unknown-1,15,MEDIUM,2,-1,LOW
2024-05-21 17:27:00,2024-05-21 17:27:45,sa-unknown-1,30,HIGH,15,0,LOW
2024-05-22 17:00:00,2024-05-21 17:42:29,sa-unknown-1,15,MEDIUM,2,-1,LOW
2024-05-21 22:16:49,2024-05-21 20:16:49,sa-unknown-1,0,LOW,-1,-1,LOW
2024-05-21 23:55:20,2024-05-21 20:55:20,sa-unknown-1,0,LOW,-1,-1,LOW
2024-05-22 17:00:00,2024-05-21 17:28:50,sa-unknown-1,0,LOW,-1,-1,LOW
2024-05-21 18:23:23,2024-05-21 16:23:23,sa-unknown-1,0,LOW,-1,-1,LOW
2024-05-21 19:57:27,2024-05-21 16:57:27,sa-unknown-1,0,LOW,-1,-1,LOW
2024-05-21 14:45:00,2024-05-21 14:45:13,sa-unknown-1,30,HIGH,15,0,LOW
2024-05-23 19:30:00,2024-05-21 14:59:07,sa-unknown-1,0,LOW,-1,-1,LOW
2024-05-22 15:00:00,2024-05-21 14:59:20,sa-unknown-1,50,HIGH,5,0,LOW
2024-05-23 15:00:00,2024-05-21 14:59:29,sa-unknown-1,50,HIGH,5,0,LOW
2024-05-21 23:29:23,2024-05-21 17:29:23,sa-unknown-1,0,LOW,-1,-1,LOW
2024-05-21 22:46:20,2024-05-21 20:46:20,sa-unknown-1,0,LOW,-1,-1,LOW
2024-05-22 00:13:15,2024-05-21 21:13:15,sa-unknown-1,0,LOW,-1,-1,LOW
2024-05-22 22:00:00,2024-05-21 23:56:26,sa-unknown-1,0,LOW,-1,-1,LOW
2024-05-21 22:50:00,2024-05-21 22:50:40,sa-unknown-1,30,HIGH,15,0,LOW
2024-05-22 23:00:00,2024-05-21 23:19:35,sa-unknown-1,15,MEDIUM,2,-1,LOW
2024-05-22 01:21:03,2024-05-21 23:21:03,sa-unknown-1,0,LOW,-1,-1,LOW
2024-05-22 02:31:02,2024-05-21 23:31:02,sa-unknown-1,0,LOW,-1,-1,LOW
2024-05-21 23:00:00,2024-05-21 16:20:58,sa-unknown-1,15,HIGH,15,0,LOW
2024-05-21 21:44:00,2024-05-21 21:44:33,sa-unknown-1,30,HIGH,15,0,LOW
2024-05-22 21:00:00,2024-05-21 21:53:09,sa-unknown-1,0,LOW,-1,-1,LOW
2024-05-22 18:00:00,2024-05-21 22:24:50,sa-unknown-1,15,MEDIUM,2,-1,LOW
2024-05-22 21:00:00,2024-05-21 21:42:51,sa-unknown-1,0,LOW,-1,-1,LOW
2024-05-21 18:17:17,2024-05-21 16:17:17,sa-unknown-1,0,LOW,-1,-1,LOW
2024-05-21 19:57:00,2024-05-21 16:57:00,sa-unknown-1,0,LOW,-1,-1,LOW
2024-05-22 14:00:00,2024-05-21 17:28:26,sa-unknown-1,0,LOW,-1,-1,LOW
2024-05-22 15:10:00,2024-05-21 23:33:06,sa-unknown-1,15,HIGH,15,0,LOW
2024-05-22 16:00:00,2024-05-21 16:27:21,sa-unknown-1,15,MEDIUM,2,-1,LOW
2024-05-22 03:16:48,2024-05-21 21:16:48,sa-unknown-1,0,LOW,-1,-1,LOW
2024-05-21 15:37:00,2024-05-21 15:37:00,sa-unknown-1,0,LOW,10,-1,LOW
2024-05-21 20:12:16,2024-05-21 18:12:16,sa-unknown-1,0,LOW,-1,-1,LOW
2024-05-22 20:00:00,2024-05-21 20:36:43,sa-unknown-1,15,MEDIUM,2,-1,LOW
2024-05-22 03:15:42,2024-05-21 21:15:43,sa-unknown-1,0,LOW,-1,-1,LOW
2024-05-22 16:00:00,2024-05-21 16:31:32,sa-unknown-1,15,MEDIUM,2,-1,LOW
2024-05-22 23:00:00,2024-05-21 23:27:43,sa-unknown-1,15,HIGH,15,0,LOW
2024-05-22 20:00:00,2024-05-21 21:49:56,sa-unknown-1,0,LOW,-1,-1,LOW
2024-05-22 19:00:00,2024-05-21 19:39:12,sa-unknown-1,0,LOW,-1,-1,LOW
2024-05-21 19:42:00,2024-05-21 19:42:22,sa-unknown-1,30,HIGH,15,0,LOW
2024-05-22 18:00:00,2024-05-21 19:52:49,sa-unknown-1,15,MEDIUM,2,-1,LOW
2024-05-21 13:30:00,2024-05-21 12:59:54,sa-unknown-1,15,HIGH,15,0,LOW
2024-05-22 14:00:00,2024-05-21 14:06:30,sa-unknown-1,15,MEDIUM,2,-1,LOW
2024-05-22 15:00:00,2024-05-21 17:36:58,sa-unknown-1,0,LOW,-1,-1,LOW
2024-05-22 16:00:00,2024-05-21 16:23:50,sa-unknown-1,15,MEDIUM,2,-1,LOW
2024-05-22 16:00:00,2024-05-21 16:25:38,sa-unknown-1,15,MEDIUM,2,-1,LOW
2024-05-22 14:00:00,2024-05-21 23:11:17,sa-unknown-1,15,HIGH,15,0,LOW
2024-05-22 17:00:00,2024-05-21 18:20:19,sa-unknown-1,15,MEDIUM,2,-1,LOW
2024-05-22 03:12:06,2024-05-21 21:12:06,sa-unknown-1,0,LOW,-1,-1,LOW
2024-05-21 22:48:00,2024-05-21 22:48:19,sa-unknown-1,30,HIGH,15,0,LOW
2024-05-22 23:00:00,2024-05-21 23:32:13,sa-unknown-1,15,MEDIUM,2,-1,LOW
2024-05-21 14:00:52,2024-05-21 14:00:52,sa-unknown-1,0,LOW,10,-1,LOW
2024-05-21 18:00:00,2024-05-21 14:02:38,sa-unknown-1,0,MEDIUM,2,-1,LOW
2024-05-21 15:53:00,2024-05-21 15:53:48,sa-unknown-1,30,HIGH,15,0,LOW
2024-05-22 20:00:00,2024-05-21 20:28:08,sa-unknown-1,0,LOW,-1,-1,LOW
2024-05-21 15:43:00,2024-05-21 15:43:41,sa-unknown-1,30,HIGH,15,0,LOW
2024-05-22 16:00:00,2024-05-21 16:34:49,sa-unknown-1,15,MEDIUM,2,-1,LOW
2024-05-22 18:45:00,2024-05-21 16:27:09,sa-unknown-1,15,HIGH,15,0,LOW
2024-05-22 16:00:00,2024-05-21 16:19:34,sa-unknown-1,15,MEDIUM,2,-1,LOW
2024-05-21 17:10:33,2024-05-21 17:10:33,sa-unknown-1,0,LOW,10,-1,LOW
2024-05-21 22:41:39,2024-05-21 20:41:39,sa-unknown-1,0,LOW,-1,-1,LOW
2024-05-22 00:08:23,2024-05-21 21:08:23,sa-unknown-1,0,LOW,-1,-1,LOW
2024-05-21 15:19:00,2024-05-21 15:19:54,sa-unknown-1,30,HIGH,15,0,LOW
2024-05-22 16:00:00,2024-05-21 16:21:58,sa-unknown-1,0,MEDIUM,2,-1,LOW
2024-05-21 15:00:00,2024-05-21 12:54:16,sa-unknown-1,15,HIGH,15,0,LOW
2024-05-21 22:00:00,2024-05-21 20:24:37,sa-unknown-1,15,HIGH,15,0,LOW
2024-05-22 20:00:00,2024-05-21 22:10:35,sa-unknown-1,15,HIGH,15,0,LOW
2024-05-21 21:00:00,2024-05-21 15:07:51,sa-unknown-1,15,HIGH,15,0,LOW
2024-05-21 15:44:10,2024-05-21 12:44:10,sa-unknown-1,0,LOW,-1,-1,LOW
2024-05-21 21:00:00,2024-05-21 15:51:00,sa-unknown-1,0,LOW,-1,-1,LOW
2024-05-22 21:00:00,2024-05-21 21:24:07,sa-unknown-1,0,LOW,-1,-1,LOW
2024-05-22 15:00:00,2024-05-21 15:21:19,sa-unknown-1,0,LOW,-1,-1,LOW
2024-05-22 21:00:00,2024-05-21 21:46:41,sa-unknown-1,0,LOW,-1,-1,LOW
2024-05-23 21:00:00,2024-05-21 21:13:04,sa-unknown-1,15,HIGH,15,0,LOW
2024-05-21 00:15:24,2024-05-21 00:05:24,sa-unknown-1,10,HIGH,10,-1,LOW
2024-05-22 19:14:00,2024-05-21 13:14:28,sa-unknown-1,0,LOW,-1,-1,LOW
2024-05-21 00:20:02,2024-05-21 00:10:02,sa-unknown-1,10,HIGH,10,-1,LOW
2024-05-21 19:15:07,2024-05-21 13:15:07,sa-unknown-1,0,LOW,-1,-1,LOW
2024-05-21 00:31:11,2024-05-21 00:21:11,sa-unknown-1,10,HIGH,10,-1,LOW
2024-05-21 19:15:56,2024-05-21 13:15:56,sa-unknown-1,0,LOW,-1,-1,LOW
2024-05-25 15:00:00,2024-05-21 22:38:56,sa-unknown-1,15,HIGH,15,0,LOW
2024-05-21 00:46:10,2024-05-21 00:36:10,sa-unknown-1,10,HIGH,10,-1,LOW
2024-05-21 19:26:28,2024-05-21 13:26:28,sa-unknown-1,0,LOW,-1,-1,LOW
2024-05-21 01:00:24,2024-05-21 00:50:24,sa-unknown-1,10,HIGH,10,-1,LOW
2024-05-21 17:00:00,2024-05-21 13:19:10,sa-unknown-1,15,HIGH,15,0,LOW
2024-05-25 15:00:00,2024-05-21 18:00:02,sa-unknown-1,15,HIGH,15,0,LOW
2024-05-21 01:10:04,2024-05-21 01:00:04,sa-unknown-1,10,HIGH,10,-1,LOW
2024-05-21 19:27:13,2024-05-21 13:27:14,sa-unknown-1,0,LOW,-1,-1,LOW
2024-05-21 01:11:04,2024-05-21 01:01:04,sa-unknown-1,10,HIGH,10,-1,LOW
2024-05-21 14:20:00,2024-05-21 13:28:18,sa-unknown-1,15,HIGH,15,0,LOW
2024-05-21 19:10:00,2024-05-21 15:12:11,sa-unknown-1,15,HIGH,15,0,LOW
2024-05-22 17:00:00,2024-05-21 19:20:50,sa-unknown-1,15,MEDIUM,2,-1,LOW
2024-05-22 17:00:00,2024-05-21 23:53:48,sa-unknown-1,0,MEDIUM,2,-1,LOW
2024-05-21 01:17:17,2024-05-21 01:07:17,sa-unknown-1,10,HIGH,10,-1,LOW
2024-05-21 19:29:17,2024-05-21 13:29:18,sa-unknown-1,0,LOW,-1,-1,LOW
2024-05-21 01:21:36,2024-05-21 01:11:36,sa-unknown-1,10,HIGH,10,-1,LOW
2024-05-21 19:30:31,2024-05-21 13:30:32,sa-unknown-1,0,LOW,-1,-1,LOW
2024-05-21 01:33:35,2024-05-21 01:23:35,sa-unknown-1,10,HIGH,10,-1,LOW
2024-05-22 19:31:00,2024-05-21 13:31:26,sa-unknown-1,0,LOW,-1,-1,LOW
2024-05-21 17:55:00,2024-05-21 17:55:48,sa-unknown-1,30,HIGH,15,0,LOW
2024-05-21 01:43:13,2024-05-21 01:33:13,sa-unknown-1,10,HIGH,10,-1,LOW
2024-05-21 19:32:22,2024-05-21 13:32:23,sa-unknown-1,0,LOW,-1,-1,LOW
2024-05-22 13:00:00,2024-05-21 22:40:43,sa-unknown-1,15,HIGH,15,0,LOW
2024-05-21 01:44:11,2024-05-21 01:34:11,sa-unknown-1,10,HIGH,10,-1,LOW
2024-05-21 15:40:00,2024-05-21 13:33:34,sa-unknown-1,15,HIGH,15,0,LOW
2024-05-21 21:30:00,2024-05-21 18:08:54,sa-unknown-1,15,HIGH,15,0,LOW
2024-05-21 01:44:20,2024-05-21 01:34:20,sa-unknown-1,10,HIGH,10,-1,LOW
2024-05-22 19:35:00,2024-05-21 13:35:45,sa-unknown-1,0,LOW,-1,-1,LOW
2024-05-21 01:54:15,2024-05-21 01:44:15,sa-unknown-1,10,HIGH,10,-1,LOW
2024-05-21 19:34:56,2024-05-21 13:34:57,sa-unknown-1,0,LOW,-1,-1,LOW
2024-05-21 01:55:03,2024-05-21 01:45:03,sa-unknown-1,10,HIGH,10,-1,LOW
2024-05-21 01:56:51,2024-05-21 01:46:51,sa-unknown-1,10,HIGH,10,-1,LOW
2024-05-22 15:45:00,2024-05-21 13:41:23,sa-unknown-1,15,HIGH,15,0,LOW
2024-05-21 02:01:41,2024-05-21 01:51:41,sa-unknown-1,10,HIGH,10,-1,LOW
2024-05-21 19:42:37,2024-05-21 13:42:37,sa-unknown-1,0,LOW,-1,-1,LOW
2024-05-21 02:32:14,2024-05-21 02:22:14,sa-unknown-1,10,HIGH,10,-1,LOW
2024-05-21 19:43:44,2024-05-21 13:43:45,sa-unknown-1,0,LOW,-1,-1,LOW
2024-05-21 02:43:34,2024-05-21 02:33:34,sa-unknown-1,10,HIGH,10,-1,LOW
2024-05-21 19:45:11,2024-05-21 13:45:11,sa-unknown-1,0,LOW,-1,-1,LOW
2024-05-21 03:09:33,2024-05-21 02:59:33,sa-unknown-1,10,HIGH,10,-1,LOW
2024-05-21 15:50:00,2024-05-21 13:49:04,sa-unknown-1,15,HIGH,15,0,LOW
2024-05-22 16:00:00,2024-05-21 16:09:05,sa-unknown-1,15,MEDIUM,2,-1,LOW
2024-05-21 03:27:28,2024-05-21 03:17:28,sa-unknown-1,10,HIGH,10,-1,LOW
2024-05-21 19:49:50,2024-05-21 13:49:50,sa-unknown-1,0,LOW,-1,-1,LOW
2024-05-21 03:30:07,2024-05-21 03:20:07,sa-unknown-1,10,HIGH,10,-1,LOW
2024-05-22 19:50:00,2024-05-21 13:50:45,sa-unknown-1,0,LOW,-1,-1,LOW
2024-05-21 14:21:00,2024-05-21 14:21:34,sa-unknown-1,30,HIGH,15,0,LOW
2024-05-22 19:00:00,2024-05-21 17:32:58,sa-unknown-1,0,LOW,-1,-1,LOW
2024-05-21 04:05:13,2024-05-21 03:55:13,sa-unknown-1,10,HIGH,10,-1,LOW
2024-05-21 20:25:22,2024-05-21 14:25:22,sa-unknown-1,0,LOW,-1,-1,LOW
2024-05-21 04:30:59,2024-05-21 04:20:59,sa-unknown-1,10,HIGH,10,-1,LOW
2024-05-21 22:00:00,2024-05-21 14:26:13,sa-unknown-1,15,HIGH,15,0,LOW
2024-05-21 04:48:10,2024-05-21 04:38:10,sa-unknown-1,10,HIGH,10,-1,LOW
2024-05-22 20:26:00,2024-05-21 14:26:53,sa-unknown-1,0,LOW,-1,-1,LOW
2024-05-21 05:35:12,2024-05-21 05:25:12,sa-unknown-1,10,HIGH,10,-1,LOW
2024-05-21 20:30:00,2024-05-21 14:30:20,sa-unknown-1,0,LOW,-1,-1,LOW
2024-05-21 20:00:00,2024-05-21 15:08:20,sa-unknown-1,15,HIGH,15,0,LOW
2024-05-22 23:00:00,2024-05-21 21:52:53,sa-unknown-1,15,HIGH,15,0,LOW
2024-05-21 05:55:17,2024-05-21 05:45:17,sa-unknown-1,10,HIGH,10,-1,LOW
2024-05-21 20:30:44,2024-05-21 14:30:45,sa-unknown-1,0,LOW,-1,-1,LOW
2024-05-21 08:27:52,2024-05-21 08:17:52,sa-unknown-1,10,HIGH,10,-1,LOW
2024-05-21 20:32:05,2024-05-21 14:32:05,sa-unknown-1,0,LOW,-1,-1,LOW
2024-05-22 19:00:00,2024-05-21 17:34:08,sa-unknown-1,0,LOW,-1,-1,LOW
2024-05-21 09:04:10,2024-05-21 08:54:10,sa-unknown-1,10,HIGH,10,-1,LOW
2024-05-21 20:32:52,2024-05-21 14:32:52,sa-unknown-1,0,LOW,-1,-1,LOW
2024-05-21 09:12:04,2024-05-21 09:02:04,sa-unknown-1,10,HIGH,10,-1,LOW
2024-05-21 15:00:00,2024-05-21 14:36:08,sa-unknown-1,15,HIGH,15,0,LOW
2024-05-22 23:00:00,2024-05-21 15:27:36,sa-unknown-1,15,HIGH,15,0,LOW
2024-05-21 09:14:20,2024-05-21 09:04:20,sa-unknown-1,10,HIGH,10,-1,LOW
2024-05-21 20:48:45,2024-05-21 14:48:46,sa-unknown-1,0,LOW,-1,-1,LOW
2024-05-21 09:16:45,2024-05-21 09:06:45,sa-unknown-1,10,HIGH,10,-1,LOW
2024-05-21 21:03:07,2024-05-21 15:03:09,sa-unknown-1,0,LOW,-1,-1,LOW
2024-05-21 09:22:05,2024-05-21 09:12:05,sa-unknown-1,10,HIGH,10,-1,LOW
2024-05-22 17:30:00,2024-05-21 14:58:28,sa-unknown-1,15,HIGH,15,0,LOW
2024-05-21 09:44:56,2024-05-21 09:34:56,sa-unknown-1,10,HIGH,10,-1,LOW
2024-05-22 20:52:00,2024-05-21 14:52:48,sa-unknown-1,0,LOW,-1,-1,LOW
2024-05-21 15:25:00,2024-05-21 15:26:00,sa-unknown-1,30,HIGH,15,0,LOW
2024-05-22 15:00:00,2024-05-21 15:36:38,sa-unknown-1,15,MEDIUM,2,-1,LOW
2024-05-21 09:46:37,2024-05-21 09:36:37,sa-unknown-1,10,HIGH,10,-1,LOW
2024-05-21 18:00:00,2024-05-21 14:54:34,sa-unknown-1,15,HIGH,15,0,LOW
2024-05-21 09:52:54,2024-05-21 09:42:54,sa-unknown-1,10,HIGH,10,-1,LOW
2024-05-22 20:51:00,2024-05-21 14:51:17,sa-unknown-1,0,LOW,-1,-1,LOW
2024-05-21 09:54:04,2024-05-21 09:44:04,sa-unknown-1,10,HIGH,10,-1,LOW
2024-05-21 20:50:35,2024-05-21 14:50:35,sa-unknown-1,0,LOW,-1,-1,LOW
2024-05-21 10:00:11,2024-05-21 09:50:11,sa-unknown-1,10,HIGH,10,-1,LOW
2024-05-22 20:48:00,2024-05-21 14:48:39,sa-unknown-1,0,LOW,-1,-1,LOW
2024-05-21 10:01:02,2024-05-21 09:51:02,sa-unknown-1,10,HIGH,10,-1,LOW
2024-05-21 10:02:02,2024-05-21 09:52:02,sa-unknown-1,10,HIGH,10,-1,LOW
2024-05-21 20:43:15,2024-05-21 14:43:15,sa-unknown-1,0,LOW,-1,-1,LOW
2024-05-21 10:41:22,2024-05-21 10:31:22,sa-unknown-1,10,HIGH,10,-1,LOW
2024-05-22 20:42:00,2024-05-21 14:42:21,sa-unknown-1,0,LOW,-1,-1,LOW
2024-05-21 11:21:54,2024-05-21 11:11:54,sa-unknown-1,10,HIGH,10,-1,LOW
2024-05-22 14:00:00,2024-05-21 14:03:48,sa-unknown-1,15,MEDIUM,2,-1,LOW
2024-05-21 11:28:34,2024-05-21 11:18:34,sa-unknown-1,10,HIGH,10,-1,LOW
2024-05-21 14:00:00,2024-05-21 12:43:08,sa-unknown-1,15,HIGH,15,0,LOW
2024-05-21 11:45:28,2024-05-21 11:35:28,sa-unknown-1,10,HIGH,10,-1,LOW
2024-05-21 18:00:00,2024-05-21 12:40:58,sa-unknown-1,15,HIGH,15,0,LOW
2024-05-22 19:00:00,2024-05-21 19:46:37,sa-unknown-1,0,LOW,-1,-1,LOW
2024-05-21 19:52:00,2024-05-21 19:52:42,sa-unknown-1,30,HIGH,15,0,LOW
2024-05-21 11:52:46,2024-05-21 11:42:46,sa-unknown-1,10,HIGH,10,-1,LOW
2024-05-21 18:39:25,2024-05-21 12:39:25,sa-unknown-1,0,LOW,-1,-1,LOW
2024-05-21 11:54:56,2024-05-21 11:44:56,sa-unknown-1,10,HIGH,10,-1,LOW
2024-05-22 11:00:00,2024-05-21 11:55:56,sa-unknown-1,0,MEDIUM,2,-1,LOW
2024-05-21 12:00:19,2024-05-21 11:50:19,sa-unknown-1,10,HIGH,10,-1,LOW
2024-05-21 18:37:16,2024-05-21 12:37:17,sa-unknown-1,0,LOW,-1,-1,LOW
2024-05-21 12:13:25,2024-05-21 12:03:25,sa-unknown-1,10,HIGH,10,-1,LOW
2024-05-21 18:34:35,2024-05-21 12:34:36,sa-unknown-1,0,LOW,-1,-1,LOW
2024-05-21 12:58:35,2024-05-21 12:48:35,sa-unknown-1,10,HIGH,10,-1,LOW
2024-05-22 15:00:00,2024-05-21 15:05:00,sa-unknown-1,15,MEDIUM,2,-1,LOW
2024-05-21 13:08:20,2024-05-21 12:58:20,sa-unknown-1,10,HIGH,10,-1,LOW
2024-05-21 19:17:48,2024-05-21 13:17:48,sa-unknown-1,0,LOW,-1,-1,LOW
2024-05-21 13:22:55,2024-05-21 13:12:55,sa-unknown-1,10,HIGH,10,-1,LOW
2024-05-21 19:14:44,2024-05-21 13:14:44,sa-unknown-1,0,LOW,-1,-1,LOW
2024-05-21 13:23:37,2024-05-21 13:13:37,sa-unknown-1,10,HIGH,10,-1,LOW
2024-05-21 19:16:39,2024-05-21 13:16:39,sa-unknown-1,0,LOW,-1,-1,LOW
2024-05-21 13:48:00,2024-05-21 13:48:16,sa-unknown-1,30,HIGH,15,0,LOW
2024-05-22 13:00:00,2024-05-21 13:59:27,sa-unknown-1,15,MEDIUM,2,-1,LOW
2024-05-21 19:49:13,2024-05-21 17:49:13,sa-unknown-1,0,LOW,-1,-1,LOW
2024-05-21 21:15:01,2024-05-21 18:15:01,sa-unknown-1,0,LOW,-1,-1,LOW
2024-05-22 20:00:00,2024-05-21 20:48:36,sa-unknown-1,0,LOW,-1,-1,LOW
2024-05-21 13:57:51,2024-05-21 13:47:51,sa-unknown-1,10,HIGH,10,-1,LOW
2024-05-21 20:41:42,2024-05-21 14:41:42,sa-unknown-1,0,LOW,-1,-1,LOW
2024-05-21 14:37:30,2024-05-21 14:27:30,sa-unknown-1,10,HIGH,10,-1,LOW
2024-05-21 20:41:26,2024-05-21 14:41:26,sa-unknown-1,0,LOW,-1,-1,LOW
2024-05-21 14:39:30,2024-05-21 14:29:30,sa-unknown-1,10,HIGH,10,-1,LOW
2024-05-21 14:45:44,2024-05-21 14:35:44,sa-unknown-1,10,HIGH,10,-1,LOW
2024-05-21 14:48:32,2024-05-21 14:38:32,sa-unknown-1,10,HIGH,10,-1,LOW
2024-05-21 20:39:59,2024-05-21 14:39:59,sa-unknown-1,0,LOW,-1,-1,LOW
2024-05-21 14:58:05,2024-05-21 14:48:05,sa-unknown-1,10,HIGH,10,-1,LOW
2024-05-21 23:48:13,2024-05-21 17:48:13,sa-unknown-1,0,LOW,-1,-1,LOW
2024-05-21 14:58:57,2024-05-21 14:48:57,sa-unknown-1,10,HIGH,10,-1,LOW
2024-05-22 17:00:00,2024-05-21 17:47:25,sa-unknown-1,15,MEDIUM,2,-1,LOW
2024-05-21 15:01:26,2024-05-21 14:51:26,sa-unknown-1,10,HIGH,10,-1,LOW
2024-05-21 23:42:11,2024-05-21 17:42:12,sa-unknown-1,0,LOW,-1,-1,LOW
2024-05-21 15:05:04,2024-05-21 14:55:04,sa-unknown-1,10,HIGH,10,-1,LOW
2024-05-21 23:42:00,2024-05-21 17:42:01,sa-unknown-1,0,LOW,-1,-1,LOW
2024-05-21 15:12:00,2024-05-21 15:02:00,sa-unknown-1,10,HIGH,10,-1,LOW
2024-05-21 23:40:43,2024-05-21 17:40:43,sa-unknown-1,0,LOW,-1,-1,LOW
2024-05-21 15:19:17,2024-05-21 15:09:17,sa-unknown-1,10,HIGH,10,-1,LOW
2024-05-21 20:30:00,2024-05-21 17:39:16,sa-unknown-1,15,HIGH,15,0,LOW
2024-05-21 15:19:29,2024-05-21 15:09:29,sa-unknown-1,10,HIGH,10,-1,LOW
2024-05-21 22:00:00,2024-05-21 17:34:51,sa-unknown-1,15,HIGH,15,0,LOW
2024-05-21 15:24:52,2024-05-21 15:14:52,sa-unknown-1,10,HIGH,10,-1,LOW
2024-05-21 23:32:04,2024-05-21 17:32:05,sa-unknown-1,0,LOW,-1,-1,LOW
2024-05-21 15:33:21,2024-05-21 15:23:21,sa-unknown-1,10,HIGH,10,-1,LOW
2024-05-22 23:27:00,2024-05-21 17:27:20,sa-unknown-1,0,LOW,-1,-1,LOW
2024-05-21 15:38:49,2024-05-21 15:28:49,sa-unknown-1,10,HIGH,10,-1,LOW
2024-05-21 23:25:57,2024-05-21 17:25:58,sa-unknown-1,0,LOW,-1,-1,LOW
2024-05-21 15:42:45,2024-05-21 15:32:45,sa-unknown-1,10,HIGH,10,-1,LOW
2024-05-21 23:24:50,2024-05-21 17:24:51,sa-unknown-1,0,LOW,-1,-1,LOW
2024-05-21 15:56:08,2024-05-21 15:46:08,sa-unknown-1,10,HIGH,10,-1,LOW
2024-05-21 21:30:00,2024-05-21 17:17:35,sa-unknown-1,15,HIGH,15,0,LOW
2024-05-21 15:57:37,2024-05-21 15:47:37,sa-unknown-1,10,HIGH,10,-1,LOW
2024-05-21 16:00:36,2024-05-21 15:50:36,sa-unknown-1,10,HIGH,10,-1,LOW
2024-05-22 23:07:00,2024-05-21 17:07:04,sa-unknown-1,15,MEDIUM,2,-1,LOW
2024-05-21 19:49:00,2024-05-21 19:49:09,sa-unknown-1,30,HIGH,15,0,LOW
2024-05-21 23:16:51,2024-05-21 21:16:51,sa-unknown-1,0,LOW,-1,-1,LOW
2024-05-22 00:34:24,2024-05-21 21:34:24,sa-unknown-1,0,LOW,-1,-1,LOW
2024-05-21 16:07:13,2024-05-21 15:57:13,sa-unknown-1,10,HIGH,10,-1,LOW
2024-05-22 23:01:00,2024-05-21 17:01:45,sa-unknown-1,0,LOW,-1,-1,LOW
2024-05-21 16:11:01,2024-05-21 16:01:01,sa-unknown-1,10,HIGH,10,-1,LOW
2024-05-21 22:56:06,2024-05-21 16:56:06,sa-unknown-1,0,LOW,-1,-1,LOW
2024-05-21 16:26:18,2024-05-21 16:16:18,sa-unknown-1,10,HIGH,10,-1,LOW
2024-05-22 22:56:00,2024-05-21 16:56:46,sa-unknown-1,0,LOW,-1,-1,LOW
2024-05-21 16:34:45,2024-05-21 16:24:45,sa-unknown-1,10,HIGH,10,-1,LOW
2024-05-21 22:55:18,2024-05-21 16:55:18,sa-unknown-1,0,LOW,-1,-1,LOW
2024-05-22 16:30:00,2024-05-21 21:51:53,sa-unknown-1,15,HIGH,15,0,LOW
2024-05-21 16:49:26,2024-05-21 16:39:26,sa-unknown-1,10,HIGH,10,-1,LOW
2024-05-22 22:53:00,2024-05-21 16:53:47,sa-unknown-1,0,LOW,-1,-1,LOW
2024-05-21 16:57:04,2024-05-21 16:47:04,sa-unknown-1,10,HIGH,10,-1,LOW
2024-05-21 22:00:00,2024-05-21 16:52:33,sa-unknown-1,15,HIGH,15,0,LOW
2024-05-21 23:17:00,2024-05-21 23:17:02,sa-unknown-1,30,HIGH,15,0,LOW
2024-05-22 23:00:00,2024-05-21 23:41:40,sa-unknown-1,0,LOW,-1,-1,LOW
2024-05-21 17:11:36,2024-05-21 17:01:36,sa-unknown-1,10,HIGH,10,-1,LOW
2024-05-21 23:00:00,2024-05-21 17:15:18,sa-unknown-1,15,HIGH,15,0,LOW
2024-05-21 17:15:46,2024-05-21 17:05:46,sa-unknown-1,10,HIGH,10,-1,LOW
2024-05-22 17:00:00,2024-05-21 17:13:00,sa-unknown-1,0,LOW,-1,-1,LOW
2024-05-21 17:27:05,2024-05-21 17:17:05,sa-unknown-1,10,HIGH,10,-1,LOW
2024-05-22 23:30:00,2024-05-21 17:30:51,sa-unknown-1,0,LOW,-1,-1,LOW
2024-05-21 17:54:05,2024-05-21 17:44:05,sa-unknown-1,10,HIGH,10,-1,LOW
2024-05-22 23:49:00,2024-05-21 17:49:37,sa-unknown-1,0,LOW,-1,-1,LOW
2024-05-21 17:57:05,2024-05-21 17:47:05,sa-unknown-1,10,HIGH,10,-1,LOW
2024-05-22 23:50:00,2024-05-21 17:50:48,sa-unknown-1,0,LOW,-1,-1,LOW
2024-05-21 18:21:59,2024-05-21 18:11:59,sa-unknown-1,10,HIGH,10,-1,LOW
2024-05-22 00:14:08,2024-05-21 18:14:08,sa-unknown-1,0,LOW,-1,-1,LOW
2024-05-21 18:24:26,2024-05-21 18:14:26,sa-unknown-1,10,HIGH,10,-1,LOW
2024-05-22 03:21:13,2024-05-21 21:21:13,sa-unknown-1,0,LOW,-1,-1,LOW
2024-05-21 18:29:10,2024-05-21 18:19:10,sa-unknown-1,10,HIGH,10,-1,LOW
2024-05-22 00:28:56,2024-05-21 18:28:56,sa-unknown-1,0,LOW,-1,-1,LOW
2024-05-21 18:30:05,2024-05-21 18:20:05,sa-unknown-1,10,HIGH,10,-1,LOW
2024-05-21 21:00:00,2024-05-21 18:29:16,sa-unknown-1,15,HIGH,15,0,LOW
2024-05-22 23:00:00,2024-05-21 23:18:59,sa-unknown-1,0,LOW,-1,-1,LOW
2024-05-21 18:30:40,2024-05-21 18:20:40,sa-unknown-1,10,HIGH,10,-1,LOW
2024-05-22 00:28:17,2024-05-21 18:28:18,sa-unknown-1,0,LOW,-1,-1,LOW
2024-05-21 18:33:53,2024-05-21 18:23:53,sa-unknown-1,10,HIGH,10,-1,LOW
2024-05-21 20:30:00,2024-05-21 18:25:51,sa-unknown-1,15,HIGH,15,0,LOW
2024-05-21 18:42:23,2024-05-21 18:32:23,sa-unknown-1,10,HIGH,10,-1,LOW
2024-05-22 03:20:18,2024-05-21 21:20:18,sa-unknown-1,0,LOW,-1,-1,LOW
2024-05-21 18:53:06,2024-05-21 18:43:06,sa-unknown-1,10,HIGH,10,-1,LOW
2024-05-22 03:19:10,2024-05-21 21:19:10,sa-unknown-1,0,LOW,-1,-1,LOW
2024-05-21 19:18:33,2024-05-21 19:08:33,sa-unknown-1,10,HIGH,10,-1,LOW
2024-05-22 03:18:00,2024-05-21 21:18:00,sa-unknown-1,0,LOW,-1,-1,LOW
2024-05-21 22:46:00,2024-05-21 22:46:14,sa-unknown-1,30,HIGH,15,0,LOW
2024-05-22 23:00:00,2024-05-21 23:01:18,sa-unknown-1,0,LOW,-1,-1,LOW
2024-05-21 19:22:22,2024-05-21 19:12:22,sa-unknown-1,10,HIGH,10,-1,LOW
2024-05-21 19:30:10,2024-05-21 19:20:10,sa-unknown-1,10,HIGH,10,-1,LOW
2024-05-22 19:13:00,2024-05-21 21:13:20,sa-unknown-1,0,LOW,-1,-1,LOW
2024-05-21 19:31:21,2024-05-21 19:21:21,sa-unknown-1,10,HIGH,10,-1,LOW
2024-05-22 21:00:00,2024-05-21 21:27:44,sa-unknown-1,15,MEDIUM,2,-1,LOW
2024-05-21 19:41:42,2024-05-21 19:31:42,sa-unknown-1,10,HIGH,10,-1,LOW
2024-05-22 03:10:23,2024-05-21 21:10:26,sa-unknown-1,0,LOW,-1,-1,LOW
2024-05-21 20:03:28,2024-05-21 19:53:28,sa-unknown-1,10,HIGH,10,-1,LOW
2024-05-22 03:09:28,2024-05-21 21:09:28,sa-unknown-1,0,LOW,-1,-1,LOW
2024-05-21 20:10:02,2024-05-21 20:00:02,sa-unknown-1,10,HIGH,10,-1,LOW
2024-05-22 03:07:02,2024-05-21 21:07:02,sa-unknown-1,0,LOW,-1,-1,LOW
2024-05-22 14:00:00,2024-05-21 22:26:56,sa-unknown-1,15,HIGH,15,0,LOW
2024-05-21 20:33:05,2024-05-21 20:23:05,sa-unknown-1,10,HIGH,10,-1,LOW
2024-05-22 02:53:18,2024-05-21 20:53:19,sa-unknown-1,0,LOW,-1,-1,LOW
2024-05-22 21:00:00,2024-05-21 21:39:03,sa-unknown-1,0,LOW,-1,-1,LOW
2024-05-21 20:33:09,2024-05-21 20:23:09,sa-unknown-1,10,HIGH,10,-1,LOW
2024-05-21 20:34:46,2024-05-21 20:24:46,sa-unknown-1,10,HIGH,10,-1,LOW
2024-05-22 02:46:22,2024-05-21 20:46:23,sa-unknown-1,0,LOW,-1,-1,LOW
2024-05-21 20:41:03,2024-05-21 20:31:03,sa-unknown-1,10,HIGH,10,-1,LOW
2024-05-22 02:44:03,2024-05-21 20:44:03,sa-unknown-1,0,LOW,-1,-1,LOW
2024-05-22 21:00:00,2024-05-21 21:00:20,sa-unknown-1,0,LOW,-1,-1,LOW
2024-05-21 22:49:00,2024-05-21 22:49:22,sa-unknown-1,30,HIGH,15,0,LOW
2024-05-21 20:52:27,2024-05-21 20:42:27,sa-unknown-1,10,HIGH,10,-1,LOW
2024-05-22 02:45:37,2024-05-21 20:45:37,sa-unknown-1,0,LOW,-1,-1,LOW
2024-05-21 21:00:53,2024-05-21 20:50:53,sa-unknown-1,10,HIGH,10,-1,LOW
2024-05-21 22:30:00,2024-05-21 20:57:23,sa-unknown-1,15,HIGH,15,0,LOW
2024-05-22 23:00:00,2024-05-21 23:08:58,sa-unknown-1,0,LOW,-1,-1,LOW
2024-05-21 21:03:15,2024-05-21 20:53:15,sa-unknown-1,10,HIGH,10,-1,LOW
2024-05-21 21:08:06,2024-05-21 20:58:06,sa-unknown-1,10,HIGH,10,-1,LOW
2024-05-21 22:30:00,2024-05-21 21:07:05,sa-unknown-1,15,HIGH,15,0,LOW
2024-05-22 23:00:00,2024-05-21 23:54:00,sa-unknown-1,0,LOW,-1,-1,LOW
2024-05-21 21:08:15,2024-05-21 20:58:15,sa-unknown-1,10,HIGH,10,-1,LOW
2024-05-22 21:00:00,2024-05-21 21:01:03,sa-unknown-1,0,LOW,-1,-1,LOW
2024-05-21 21:14:10,2024-05-21 21:04:10,sa-unknown-1,10,HIGH,10,-1,LOW
2024-05-22 03:05:45,2024-05-21 21:05:45,sa-unknown-1,0,LOW,-1,-1,LOW
2024-05-21 21:18:00,2024-05-21 21:08:00,sa-unknown-1,10,HIGH,10,-1,LOW
2024-05-21 21:24:36,2024-05-21 21:14:36,sa-unknown-1,10,HIGH,10,-1,LOW
2024-05-22 03:21:53,2024-05-21 21:21:53,sa-unknown-1,0,LOW,-1,-1,LOW
2024-05-21 21:27:52,2024-05-21 21:17:52,sa-unknown-1,10,HIGH,10,-1,LOW
2024-05-22 03:22:55,2024-05-21 21:22:55,sa-unknown-1,0,LOW,-1,-1,LOW
2024-05-21 21:49:05,2024-05-21 21:39:05,sa-unknown-1,10,HIGH,10,-1,LOW
2024-05-22 22:00:00,2024-05-21 22:11:30,sa-unknown-1,0,LOW,-1,-1,LOW
2024-05-21 21:50:19,2024-05-21 21:40:19,sa-unknown-1,10,HIGH,10,-1,LOW
2024-05-22 04:09:52,2024-05-21 22:09:52,sa-unknown-1,0,LOW,-1,-1,LOW
2024-05-21 21:53:38,2024-05-21 21:43:38,sa-unknown-1,10,HIGH,10,-1,LOW
2024-05-22 04:10:01,2024-05-21 22:10:02,sa-unknown-1,0,LOW,-1,-1,LOW
2024-05-21 21:57:37,2024-05-21 21:47:37,sa-unknown-1,10,HIGH,10,-1,LOW
2024-05-22 04:07:02,2024-05-21 22:07:02,sa-unknown-1,0,LOW,-1,-1,LOW
2024-05-22 23:00:00,2024-05-21 23:13:17,sa-unknown-1,15,MEDIUM,2,-1,LOW
2024-05-21 23:25:00,2024-05-21 23:25:20,sa-unknown-1,30,HIGH,15,0,LOW
2024-05-22 01:46:48,2024-05-21 23:46:48,sa-unknown-1,0,LOW,-1,-1,LOW
2024-05-22 02:55:05,2024-05-21 23:55:05,sa-unknown-1,0,LOW,-1,-1,LOW
2024-05-21 22:01:15,2024-05-21 21:51:15,sa-unknown-1,10,HIGH,10,-1,LOW
2024-05-22 22:00:00,2024-05-21 22:08:17,sa-unknown-1,15,MEDIUM,2,-1,LOW
2024-05-21 22:01:32,2024-05-21 21:51:32,sa-unknown-1,10,HIGH,10,-1,LOW
2024-05-22 20:30:00,2024-05-21 21:59:27,sa-unknown-1,15,HIGH,15,0,LOW
2024-05-21 22:08:28,2024-05-21 21:58:28,sa-unknown-1,10,HIGH,10,-1,LOW
2024-05-22 04:05:26,2024-05-21 22:05:27,sa-unknown-1,0,LOW,-1,-1,LOW
2024-05-21 22:22:17,2024-05-21 22:12:17,sa-unknown-1,10,HIGH,10,-1,LOW
2024-05-22 15:00:00,2024-05-21 22:14:29,sa-unknown-1,15,HIGH,15,0,LOW
2024-05-21 22:22:36,2024-05-21 22:12:36,sa-unknown-1,10,HIGH,10,-1,LOW
2024-05-22 04:14:32,2024-05-21 22:14:32,sa-unknown-1,0,LOW,-1,-1,LOW
2024-05-22 12:45:00,2024-05-21 23:51:48,sa-unknown-1,15,HIGH,15,0,LOW
2024-05-21 22:24:41,2024-05-21 22:14:41,sa-unknown-1,10,HIGH,10,-1,LOW
2024-05-22 04:17:16,2024-05-21 22:17:16,sa-unknown-1,0,LOW,-1,-1,LOW
2024-05-22 23:00:00,2024-05-21 23:08:35,sa-unknown-1,0,LOW,-1,-1,LOW
2024-05-21 22:26:34,2024-05-21 22:16:34,sa-unknown-1,10,HIGH,10,-1,LOW
2024-05-22 04:18:28,2024-05-21 22:18:29,sa-unknown-1,0,LOW,-1,-1,LOW
2024-05-21 22:48:05,2024-05-21 22:38:05,sa-unknown-1,10,HIGH,10,-1,LOW
2024-05-21 22:49:54,2024-05-21 22:39:54,sa-unknown-1,10,HIGH,10,-1,LOW
2024-05-22 04:49:09,2024-05-21 22:49:10,sa-unknown-1,0,LOW,-1,-1,LOW
2024-05-21 23:06:58,2024-05-21 22:56:58,sa-unknown-1,10,HIGH,10,-1,LOW
2024-05-22 05:24:27,2024-05-21 23:24:27,sa-unknown-1,0,LOW,-1,-1,LOW
2024-05-21 23:09:02,2024-05-21 22:59:02,sa-unknown-1,10,HIGH,10,-1,LOW
2024-05-21 23:10:33,2024-05-21 23:00:33,sa-unknown-1,10,HIGH,10,-1,LOW
2024-05-22 05:06:00,2024-05-21 23:06:05,sa-unknown-1,0,LOW,-1,-1,LOW
2024-05-21 23:48:34,2024-05-21 23:38:34,sa-unknown-1,10,HIGH,10,-1,LOW
2024-05-22 13:00:00,2024-05-21 23:57:37,sa-unknown-1,15,HIGH,15,0,LOW
2024-05-21 23:50:54,2024-05-21 23:40:54,sa-unknown-1,10,HIGH,10,-1,LOW
2024-05-22 05:56:47,2024-05-21 23:56:47,sa-unknown-1,0,LOW,-1,-1,LOW
2024-05-21 23:56:13,2024-05-21 23:46:13,sa-unknown-1,10,HIGH,10,-1,LOW
2024-05-22 05:58:44,2024-05-21 23:58:45,sa-unknown-1,0,LOW,-1,-1,LOW
2024-05-22 00:00:02,2024-05-21 23:50:02,sa-unknown-1,10,HIGH,10,-1,LOW
2024-05-23 05:59:00,2024-05-21 23:59:28,sa-unknown-1,0,LOW,-1,-1,LOW
2024-05-22 00:04:02,2024-05-21 23:54:02,sa-unknown-1,10,HIGH,10,-1,LOW
2024-05-22 00:04:53,2024-05-21 23:54:53,sa-unknown-1,10,HIGH,10,-1,LOW
